fork,mode,rows,round,commits,insert_ns_per_row,allocated_bytes_per_row,wal_bytes,wal_reopen_ms,checkpoint_ms,snapshot_bytes,snapshot_reopen_ms
1,autocommit,100,1,100,4480297.1,20947.3,71795,15.618,19.060,1381,8.877
1,autocommit,100,2,100,4009340.8,20945.3,71795,20.499,19.657,1381,9.859
1,autocommit,100,3,100,3834762.9,20945.8,71795,3.106,18.575,1381,9.375
1,batch,100,1,1,48481.7,2415.2,1361,4.297,17.519,1381,9.387
1,batch,100,2,1,47901.7,2414.9,1361,0.757,18.967,1381,8.401
1,batch,100,3,1,30245.4,2412.6,1361,9.187,15.539,1381,9.384
1,autocommit,1000,1,1000,4426032.2,173586.9,6972995,113.512,19.002,13981,9.385
1,autocommit,1000,2,1000,4654895.4,173581.5,6972995,79.473,16.017,13981,9.210
1,autocommit,1000,3,1000,4034749.3,173570.7,6972995,60.601,17.587,13981,9.986
1,batch,1000,1,1,8144.3,5936.7,13961,0.776,20.084,13981,10.589
1,batch,1000,2,1,7900.3,5912.7,13961,0.809,18.453,13981,9.647
1,batch,1000,3,1,7716.2,5912.7,13961,0.730,20.621,13981,6.503
2,autocommit,100,1,100,4241233.8,20947.3,71795,11.781,19.306,1381,8.568
2,autocommit,100,2,100,5363608.8,20945.3,71795,6.675,20.925,1381,10.306
2,autocommit,100,3,100,5125770.0,20945.8,71795,25.166,24.457,1381,11.436
2,batch,100,1,1,34662.9,2412.6,1361,5.909,24.168,1381,17.183
2,batch,100,2,1,36180.4,2414.9,1361,4.287,22.444,1381,10.453
2,batch,100,3,1,49282.9,2412.6,1361,9.667,19.076,1381,7.445
2,autocommit,1000,1,1000,4196161.8,173586.9,6972995,69.156,16.174,13981,8.192
2,autocommit,1000,2,1000,3950966.7,173581.5,6972995,83.330,18.614,13981,7.098
2,autocommit,1000,3,1000,4778213.3,173570.7,6972995,145.680,33.897,13981,10.296
2,batch,1000,1,1,7313.8,5936.7,13961,6.462,24.366,13981,9.998
2,batch,1000,2,1,9759.4,5936.7,13961,0.847,20.150,13981,12.112
2,batch,1000,3,1,7607.4,5912.7,13961,0.850,17.706,13981,8.424
3,autocommit,100,1,100,3814465.8,20948.6,71795,19.014,20.765,1381,8.615
3,autocommit,100,2,100,3818352.1,20945.3,71795,16.858,16.270,1381,8.675
3,autocommit,100,3,100,3883273.3,20945.8,71795,9.754,15.753,1381,9.898
3,batch,100,1,1,49354.6,2412.6,1361,8.130,18.232,1381,9.475
3,batch,100,2,1,48854.6,2414.9,1361,6.659,15.139,1381,7.341
3,batch,100,3,1,40371.3,2412.6,1361,6.870,21.224,1381,10.581
3,autocommit,1000,1,1000,4302516.8,173586.9,6972995,88.749,17.838,13981,8.872
3,autocommit,1000,2,1000,4123568.4,173581.5,6972995,85.980,16.453,13981,7.580
3,autocommit,1000,3,1000,4314918.3,173570.7,6972995,80.638,19.112,13981,7.252
3,batch,1000,1,1,7853.1,5936.7,13961,0.748,16.504,13981,9.441
3,batch,1000,2,1,7949.8,5912.7,13961,0.717,17.539,13981,8.482
3,batch,1000,3,1,7767.0,5912.7,13961,0.723,17.641,13981,7.405
