fork,workload,rows,round,operations,ns_per_op,allocated_bytes_per_op,gc_count_delta
1,insert,100,1,100,8611.7,4849.4,0
1,select_hit,100,1,300,5542.1,1776.0,0
1,select_miss,100,1,300,2638.1,1256.0,0
1,update_one,100,1,50,22394.2,8846.4,0
1,update_key_collision,100,1,20,14041.7,3536.0,0
1,delete_one,100,1,20,14543.8,2272.0,0
1,insert,100,2,100,14195.0,4849.4,0
1,select_hit,100,2,300,4156.5,1776.6,0
1,select_miss,100,2,300,2600.6,1256.0,0
1,update_one,100,2,50,11461.7,8846.4,0
1,update_key_collision,100,2,20,10060.4,3536.0,0
1,delete_one,100,2,20,4487.5,2272.0,0
1,insert,100,3,100,9160.0,4849.4,0
1,select_hit,100,3,300,3092.1,1776.0,0
1,select_miss,100,3,300,2426.8,1256.0,0
1,update_one,100,3,50,10944.2,8846.4,0
1,update_key_collision,100,3,20,10202.1,3536.0,0
1,delete_one,100,3,20,3650.0,2272.0,0
1,insert,100,4,100,6634.2,4849.4,0
1,select_hit,100,4,300,3571.4,1776.0,0
1,select_miss,100,4,300,2563.5,1256.0,0
1,update_one,100,4,50,9900.8,8846.4,0
1,update_key_collision,100,4,20,14933.4,3536.0,0
1,delete_one,100,4,20,4025.0,2272.0,0
1,insert,100,5,100,5426.7,4849.4,0
1,select_hit,100,5,300,2795.4,1776.0,0
1,select_miss,100,5,300,2365.8,1256.0,0
1,update_one,100,5,50,9900.0,8846.4,0
1,update_key_collision,100,5,20,8172.9,3536.0,0
1,delete_one,100,5,20,3581.3,2272.0,0
1,insert,1000,1,1000,9601.0,33689.5,1
1,select_hit,1000,1,300,8820.8,1776.0,0
1,select_miss,1000,1,300,9440.3,1272.0,0
1,update_one,1000,1,50,30413.3,62766.4,0
1,update_key_collision,1000,1,20,19550.0,7056.0,0
1,delete_one,1000,1,20,20004.2,15896.0,0
1,insert,1000,2,1000,9603.0,33689.5,1
1,select_hit,1000,2,300,10506.9,1776.0,0
1,select_miss,1000,2,300,8608.9,1272.0,0
1,update_one,1000,2,50,30948.3,62766.4,0
1,update_key_collision,1000,2,20,19604.2,7056.0,0
1,delete_one,1000,2,20,20585.4,15896.0,0
1,insert,1000,3,1000,9920.6,33689.5,1
1,select_hit,1000,3,300,8946.8,1776.0,0
1,select_miss,1000,3,300,8356.1,1272.0,0
1,update_one,1000,3,50,31128.3,62766.4,0
1,update_key_collision,1000,3,20,19491.7,7056.0,0
1,delete_one,1000,3,20,19737.5,15896.0,0
1,insert,1000,4,1000,9631.4,33689.5,1
1,select_hit,1000,4,300,8743.1,1776.0,0
1,select_miss,1000,4,300,8672.9,1272.0,0
1,update_one,1000,4,50,30265.8,62766.4,0
1,update_key_collision,1000,4,20,19997.9,7056.0,0
1,delete_one,1000,4,20,19852.1,15896.0,0
1,insert,1000,5,1000,9603.6,33689.5,1
1,select_hit,1000,5,300,8931.1,1776.0,0
1,select_miss,1000,5,300,8329.9,1272.0,0
1,update_one,1000,5,50,29790.0,62766.4,0
1,update_key_collision,1000,5,20,19412.5,7056.0,0
1,delete_one,1000,5,20,19406.3,15896.0,0
1,insert,5000,1,5000,32845.4,160304.5,13
1,select_hit,5000,1,300,35922.9,1607.7,0
1,select_miss,5000,1,300,36202.5,1184.0,0
1,update_one,5000,1,50,103574.2,287798.4,0
1,update_key_collision,5000,1,20,44589.6,22904.0,0
1,delete_one,5000,1,20,44627.1,76080.0,0
1,insert,5000,2,5000,50749.6,160304.5,13
1,select_hit,5000,2,300,44382.8,1576.0,0
1,select_miss,5000,2,300,37250.3,1184.0,0
1,update_one,5000,2,50,99580.8,287798.4,0
1,update_key_collision,5000,2,20,48683.4,22904.0,0
1,delete_one,5000,2,20,45273.0,76080.0,0
1,insert,5000,3,5000,34487.3,160304.5,13
1,select_hit,5000,3,300,33334.0,1576.0,0
1,select_miss,5000,3,300,35182.6,1184.0,0
1,update_one,5000,3,50,95655.0,287798.4,0
1,update_key_collision,5000,3,20,41825.0,22904.0,0
1,delete_one,5000,3,20,42410.4,76080.0,0
1,insert,5000,4,5000,33301.6,160304.5,12
1,select_hit,5000,4,300,34103.9,1576.0,0
1,select_miss,5000,4,300,35813.1,1184.0,0
1,update_one,5000,4,50,115845.0,287798.4,1
1,update_key_collision,5000,4,20,44656.3,22904.0,0
1,delete_one,5000,4,20,46331.3,76080.0,0
1,insert,5000,5,5000,35970.6,160304.5,12
1,select_hit,5000,5,300,33888.6,1576.0,0
1,select_miss,5000,5,300,34890.6,1184.0,0
1,update_one,5000,5,50,111330.8,287798.4,1
1,update_key_collision,5000,5,20,41622.9,22904.0,0
1,delete_one,5000,5,20,42585.4,76080.0,0
2,insert,100,1,100,9402.5,4849.4,0
2,select_hit,100,1,300,4626.0,1776.0,0
2,select_miss,100,1,300,2911.1,1256.0,0
2,update_one,100,1,50,21424.2,8846.4,0
2,update_key_collision,100,1,20,10808.4,3536.0,0
2,delete_one,100,1,20,9875.0,2272.0,0
2,insert,100,2,100,8781.3,4849.4,0
2,select_hit,100,2,300,3208.9,1776.0,0
2,select_miss,100,2,300,2673.9,1256.0,0
2,update_one,100,2,50,11573.3,8846.4,0
2,update_key_collision,100,2,20,11116.7,3536.0,0
2,delete_one,100,2,20,3968.8,2272.0,0
2,insert,100,3,100,6832.5,4849.4,0
2,select_hit,100,3,300,3616.1,1776.6,0
2,select_miss,100,3,300,2745.0,1256.0,0
2,update_one,100,3,50,10833.3,8846.4,0
2,update_key_collision,100,3,20,9822.9,3536.0,0
2,delete_one,100,3,20,3945.9,2272.0,0
2,insert,100,4,100,5546.7,4849.4,0
2,select_hit,100,4,300,3193.3,1776.0,0
2,select_miss,100,4,300,2747.8,1256.0,0
2,update_one,100,4,50,10693.3,8846.4,0
2,update_key_collision,100,4,20,10523.0,3536.0,0
2,delete_one,100,4,20,3979.2,2272.0,0
2,insert,100,5,100,5342.5,4849.4,0
2,select_hit,100,5,300,3334.7,1776.0,0
2,select_miss,100,5,300,2721.8,1256.0,0
2,update_one,100,5,50,11139.2,8846.4,0
2,update_key_collision,100,5,20,9360.4,3536.0,0
2,delete_one,100,5,20,3983.3,2272.0,0
2,insert,1000,1,1000,19312.7,33769.5,1
2,select_hit,1000,1,300,9828.6,1776.0,0
2,select_miss,1000,1,300,9075.8,1272.0,0
2,update_one,1000,1,50,54322.5,62846.4,0
2,update_key_collision,1000,1,20,26627.1,7136.0,0
2,delete_one,1000,1,20,24887.5,15896.0,0
2,insert,1000,2,1000,17898.3,33769.8,1
2,select_hit,1000,2,300,10346.4,1791.4,0
2,select_miss,1000,2,300,9358.5,1272.0,0
2,update_one,1000,2,50,53587.5,62846.4,0
2,update_key_collision,1000,2,20,24997.9,7136.0,0
2,delete_one,1000,2,20,20995.9,15896.0,0
2,insert,1000,3,1000,18416.8,33769.5,1
2,select_hit,1000,3,300,11409.0,1776.0,0
2,select_miss,1000,3,300,13322.2,1272.0,0
2,update_one,1000,3,50,53437.5,62846.4,0
2,update_key_collision,1000,3,20,25358.3,7136.0,0
2,delete_one,1000,3,20,20908.3,15896.0,0
2,insert,1000,4,1000,17511.3,33769.5,1
2,select_hit,1000,4,300,9459.3,1776.0,0
2,select_miss,1000,4,300,8962.5,1272.0,0
2,update_one,1000,4,50,52162.5,62846.4,0
2,update_key_collision,1000,4,20,27495.9,7136.0,0
2,delete_one,1000,4,20,20462.5,15896.0,0
2,insert,1000,5,1000,17614.3,33769.5,1
2,select_hit,1000,5,300,9759.6,1776.0,0
2,select_miss,1000,5,300,8856.5,1272.0,0
2,update_one,1000,5,50,52204.2,62846.4,0
2,update_key_collision,1000,5,20,23910.5,7136.0,0
2,delete_one,1000,5,20,20433.3,15896.0,0
2,insert,5000,1,5000,38744.6,160248.5,13
2,select_hit,5000,1,300,43875.0,1607.7,0
2,select_miss,5000,1,300,49164.7,1184.0,0
2,update_one,5000,1,50,140270.8,287854.4,0
2,update_key_collision,5000,1,20,49595.8,22960.0,0
2,delete_one,5000,1,20,82443.8,76080.0,0
2,insert,5000,2,5000,41562.3,160248.5,14
2,select_hit,5000,2,300,36696.4,1576.0,0
2,select_miss,5000,2,300,37348.6,1184.0,0
2,update_one,5000,2,50,123344.2,287854.4,0
2,update_key_collision,5000,2,20,56962.5,22960.0,0
2,delete_one,5000,2,20,50187.5,76080.0,0
2,insert,5000,3,5000,37357.4,160248.5,13
2,select_hit,5000,3,300,35637.2,1576.0,0
2,select_miss,5000,3,300,37306.0,1184.0,0
2,update_one,5000,3,50,114465.0,287854.4,0
2,update_key_collision,5000,3,20,50793.8,22960.0,0
2,delete_one,5000,3,20,48116.7,76080.0,0
2,insert,5000,4,5000,35495.7,160248.5,13
2,select_hit,5000,4,300,34032.2,1576.0,0
2,select_miss,5000,4,300,38153.8,1184.0,0
2,update_one,5000,4,50,112395.0,287854.4,0
2,update_key_collision,5000,4,20,48439.6,22960.0,0
2,delete_one,5000,4,20,51458.4,76080.0,0
2,insert,5000,5,5000,36832.7,160248.5,13
2,select_hit,5000,5,300,34161.4,1576.0,0
2,select_miss,5000,5,300,36644.0,1184.0,0
2,update_one,5000,5,50,120895.0,287855.4,1
2,update_key_collision,5000,5,20,50337.5,22960.0,0
2,delete_one,5000,5,20,50241.7,76080.0,0
3,insert,100,1,100,10434.2,4849.4,0
3,select_hit,100,1,300,5510.6,1776.0,0
3,select_miss,100,1,300,3071.5,1256.0,0
3,update_one,100,1,50,42980.0,8846.4,0
3,update_key_collision,100,1,20,11206.3,3536.0,0
3,delete_one,100,1,20,10437.5,2272.0,0
3,insert,100,2,100,16229.6,4849.4,0
3,select_hit,100,2,300,3339.3,1776.0,0
3,select_miss,100,2,300,2908.5,1256.0,0
3,update_one,100,2,50,12621.7,8846.4,0
3,update_key_collision,100,2,20,10825.0,3536.0,0
3,delete_one,100,2,20,4635.4,2272.0,0
3,insert,100,3,100,14224.2,4849.4,0
3,select_hit,100,3,300,5832.8,1776.0,0
3,select_miss,100,3,300,2687.4,1256.0,0
3,update_one,100,3,50,14576.7,8846.4,0
3,update_key_collision,100,3,20,9560.4,3536.0,0
3,delete_one,100,3,20,4256.3,2272.0,0
3,insert,100,4,100,6545.8,4849.4,0
3,select_hit,100,4,300,3191.3,1776.0,0
3,select_miss,100,4,300,2836.9,1256.0,0
3,update_one,100,4,50,10404.2,8846.4,0
3,update_key_collision,100,4,20,10635.5,3536.0,0
3,delete_one,100,4,20,3904.2,2272.0,0
3,insert,100,5,100,5024.2,4849.4,0
3,select_hit,100,5,300,2993.8,1776.0,0
3,select_miss,100,5,300,2525.0,1256.0,0
3,update_one,100,5,50,9979.2,8846.4,0
3,update_key_collision,100,5,20,8743.8,3536.0,0
3,delete_one,100,5,20,4068.8,2272.0,0
3,insert,1000,1,1000,10670.8,33689.5,1
3,select_hit,1000,1,300,9250.4,1776.0,0
3,select_miss,1000,1,300,8891.4,1272.0,0
3,update_one,1000,1,50,33176.7,62766.4,0
3,update_key_collision,1000,1,20,20641.7,7056.0,0
3,delete_one,1000,1,20,26741.7,15896.0,0
3,insert,1000,2,1000,10777.1,33689.5,1
3,select_hit,1000,2,300,8950.4,1776.0,0
3,select_miss,1000,2,300,8276.3,1272.0,0
3,update_one,1000,2,50,29690.8,62766.4,0
3,update_key_collision,1000,2,20,19841.7,7056.0,0
3,delete_one,1000,2,20,19527.1,15896.0,0
3,insert,1000,3,1000,10065.8,33689.5,1
3,select_hit,1000,3,300,9314.2,1776.0,0
3,select_miss,1000,3,300,8643.2,1272.0,0
3,update_one,1000,3,50,32225.8,62766.4,0
3,update_key_collision,1000,3,20,20354.2,7056.0,0
3,delete_one,1000,3,20,20222.9,15896.0,0
3,insert,1000,4,1000,11020.3,33689.5,1
3,select_hit,1000,4,300,9316.4,1776.0,0
3,select_miss,1000,4,300,8804.9,1272.0,0
3,update_one,1000,4,50,30654.2,62766.4,0
3,update_key_collision,1000,4,20,20989.6,7056.0,0
3,delete_one,1000,4,20,20189.6,15896.0,0
3,insert,1000,5,1000,11611.5,33689.5,1
3,select_hit,1000,5,300,8995.3,1776.0,0
3,select_miss,1000,5,300,8372.5,1272.0,0
3,update_one,1000,5,50,31549.2,62766.4,0
3,update_key_collision,1000,5,20,20541.7,7056.0,0
3,delete_one,1000,5,20,20798.0,15896.0,0
3,insert,5000,1,5000,33024.2,160304.5,12
3,select_hit,5000,1,300,34783.9,1603.9,0
3,select_miss,5000,1,300,35397.5,1184.0,0
3,update_one,5000,1,50,100226.7,287799.4,0
3,update_key_collision,5000,1,20,49231.3,22904.0,0
3,delete_one,5000,1,20,44325.0,76080.0,0
3,insert,5000,2,5000,33054.4,160304.5,12
3,select_hit,5000,2,300,33394.9,1576.0,0
3,select_miss,5000,2,300,34796.1,1184.0,0
3,update_one,5000,2,50,96417.5,287798.4,0
3,update_key_collision,5000,2,20,58310.5,22904.0,0
3,delete_one,5000,2,20,50777.1,76080.0,0
3,insert,5000,3,5000,33617.4,160304.5,12
3,select_hit,5000,3,300,35071.8,1576.0,0
3,select_miss,5000,3,300,36278.8,1184.0,0
3,update_one,5000,3,50,101543.3,287798.4,0
3,update_key_collision,5000,3,20,42314.6,22904.0,0
3,delete_one,5000,3,20,43939.6,76080.0,0
3,insert,5000,4,5000,33603.7,160304.5,12
3,select_hit,5000,4,300,33433.1,1576.0,0
3,select_miss,5000,4,300,35836.0,1184.0,0
3,update_one,5000,4,50,98575.0,287798.4,0
3,update_key_collision,5000,4,20,44602.1,22904.0,0
3,delete_one,5000,4,20,44091.7,76080.0,0
3,insert,5000,5,5000,32343.4,160304.5,12
3,select_hit,5000,5,300,33497.8,1576.0,0
3,select_miss,5000,5,300,34874.9,1184.0,0
3,update_one,5000,5,50,97950.8,287798.4,0
3,update_key_collision,5000,5,20,44110.5,22904.0,0
3,delete_one,5000,5,20,43029.2,76080.0,0
