mode,run,wall_ms,max_rss_bytes
empty,1,59.391333,40697856
empty,2,40.216333,40501248
empty,3,40.665625,40435712
empty,4,40.013583,40435712
empty,5,41.086375,40599552
empty,6,53.635958,40861696
empty,7,41.766458,40615936
empty,8,42.073375,40615936
empty,9,40.950792,40386560
empty,10,41.879833,40812544
empty,11,42.693417,40615936
empty,12,41.86475,40452096
empty,13,42.577125,40583168
empty,14,42.810625,40747008
empty,15,41.668875,40419328
open,1,45.55775,42041344
open,2,70.381542,42188800
open,3,60.450625,42008576
open,4,47.670083,42074112
open,5,46.090833,42024960
open,6,45.91975,42139648
open,7,58.42225,42041344
open,8,44.9575,42024960
open,9,45.638,42254336
open,10,45.636042,42090496
open,11,55.898667,42024960
open,12,60.141292,41926656
open,13,64.855834,42139648
open,14,76.520334,42008576
open,15,60.639417,42139648
first-query,1,93.170833,51773440
first-query,2,77.237584,51937280
first-query,3,84.53275,51691520
first-query,4,76.566708,51953664
first-query,5,83.897792,53051392
first-query,6,105.824083,52019200
first-query,7,78.299916,51855360
first-query,8,81.166667,51691520
first-query,9,361.829708,49496064
first-query,10,191.271708,51478528
first-query,11,145.888416,51855360
first-query,12,132.599542,53084160
first-query,13,102.9865,52969472
first-query,14,79.847708,51707904
first-query,15,74.649625,51953664
