workload,rows,batches,median_ns_per_op,min_ns_per_op,max_ns_per_op,median_allocated_bytes_per_op
insert,100,15,8611.7,5024.2,16229.6,4849.4
select_hit,100,15,3339.3,2795.4,5832.8,1776.0
select_miss,100,15,2687.4,2365.8,3071.5,1256.0
update_one,100,15,11139.2,9900.0,42980.0,8846.4
update_key_collision,100,15,10523.0,8172.9,14933.4,3536.0
delete_one,100,15,4025.0,3581.3,14543.8,2272.0
insert,1000,15,10777.1,9601.0,19312.7,33689.5
select_hit,1000,15,9314.2,8743.1,11409.0,1776.0
select_miss,1000,15,8804.9,8276.3,13322.2,1272.0
update_one,1000,15,31549.2,29690.8,54322.5,62766.4
update_key_collision,1000,15,20541.7,19412.5,27495.9,7056.0
delete_one,1000,15,20433.3,19406.3,26741.7,15896.0
insert,5000,15,34487.3,32343.4,50749.6,160304.5
select_hit,5000,15,34161.4,33334.0,44382.8,1576.0
select_miss,5000,15,36202.5,34796.1,49164.7,1184.0
update_one,5000,15,103574.2,95655.0,140270.8,287798.4
update_key_collision,5000,15,48439.6,41622.9,58310.5,22904.0
delete_one,5000,15,45273.0,42410.4,82443.8,76080.0
